{
  "version": "1.0.0",
  "platformVersion": "10.1.1",
  "creates": {
    "RaskRask_pdf_filler": {
      "key": "RaskRask_pdf_filler",
      "noun": "RaskRask pdf filler",
      "display": {
        "label": "RaskRask pdf filler",
        "description": "RaskRask pdf filler."
      },
      "operation": {
        "inputFields": [
          "$func$2$f$",
          {
            "key": "filnavn",
            "required": true
          },
          "$func$2$f$"
        ],
        "perform": "$func$2$f$"
      }
    }
  },
  "triggers": {},
  "searches": {},
  "searchOrCreates": {}
}